form_id;process_instance_id;apply_date;fil_empid;fil_name;fil_unit;app_empid;app_name;app_unit;is_submit;is_enable;enable_time;other_enable_time;selecte_edate_type;sdate;edate;othere_edate;del_enable_date;source_ip;target_ip;port;is_tcp;is_udp;instructions;agree_type;schedule_date;setting_reason;is_external_firewall;is_internal_firewall;firewall_content;finish_datetime;process_instance_status;update_user;update_time;create_user;create_time
181e888b-de9f-41e5-9ca8-39812bbdee4a;Electronics leading-edge Business-focused;2023-07-19T08:10:31;Awesome;Yuan envisioneer 5th;Avon hacking calculate;Engineer sensor;connecting Superviso;Metal well-modulated synergize;F;E;a;Myanmar hack;o;2023-07-18T13:48:33;2023-07-18T14:13:58;西路 Franc 台灣省;2023-07-19T06:54:44;Bedfordshire 路 Small;Rufiyaa invoice 1080p;Books;s;c;redundant Investment;G;2023-07-18T23:22:22;deliver;f;i;generate;2023-07-19T09:42:37;W;Island Handcrafted;2023-07-18T17:38:14;Paraguay Games;2023-07-19T04:27:53
9d50dceb-281a-4d16-b2a2-47436da9989d;Optimization Account extranet;2023-07-18T20:18:13;Electronics Dynamic;Avon;HDD Awesome Incredible;Table Internal neura;redundant;approach models;s;台;v;capacity;K;2023-07-18T23:09:16;2023-07-18T13:33:47;HTTP Generic;2023-07-18T15:47:03;Functionality methodical Fresh;Investment;Gorgeous Metrics back;I;l;interface world-class 福建省;M;2023-07-18T12:54:47;南路;i;p;intuitive;2023-07-19T09:28:54;I;路;2023-07-18T11:55:57;Personal violet;2023-07-18T22:33:26
e67cec73-bca6-4f39-a4c1-e29d1d67c522;Kenyan invoice;2023-07-19T05:08:43;Monitored full-range;台灣省 Barbados;Multi-tiered Open-source Beauty;Table;scalable;Garden 台灣省;s;b;C;incremental parsing Handmade;i;2023-07-19T09:13:19;2023-07-18T23:47:37;Concrete 福建省 Table;2023-07-18T12:18:16;productivity;Handcrafted strategy International;Small withdrawal Loan;C;P;index;B;2023-07-19T02:26:56;focus Chair;街;s;Pre-emptive;2023-07-19T08:30:47;K;Rustic deposit 福建省;2023-07-19T08:48:58;data-warehouse;2023-07-19T05:52:07
f474e326-5cc5-4f0f-a840-f1c2f8ffc750;Soft;2023-07-19T02:58:17;leading-edge;monetize transmit;models Games withdrawal;generating Unbranded;Intelligent;context-sensitive;C;T;m;Bedfordshire Decentralized user-facing;P;2023-07-19T00:58:53;2023-07-18T22:38:20;orange Associate;2023-07-19T09:19:27;function IB Integrated;vortals Account transmit;bypassing;I;p;open;h;2023-07-18T13:52:49;calculating Cambridgeshire 街;p;C;街 optical Savings;2023-07-19T04:49:29;n;Soap 南路 Configurable;2023-07-18T18:51:05;SQL;2023-07-19T05:03:13
6eb91e53-b258-4a28-b6b5-9452075f3459;Borders 東路 payment;2023-07-18T18:44:11;Cotton;panel Micronesia;Rubber THX;Rustic;virtual;Toys;g;T;O;copy;E;2023-07-19T04:52:19;2023-07-18T21:01:04;Facilitator Future;2023-07-19T07:01:38;Account;HDD Future-proofed;metrics Wooden client-driven;w;H;Islands mesh;C;2023-07-18T22:34:17;Cambridgeshire Licensed Savings;T;I;streamline;2023-07-18T22:45:06;d;Shirt systemic;2023-07-18T18:58:55;ROI Chair SCSI;2023-07-18T13:01:05
9cdf1c91-3b9c-424d-9453-8c72ab6c72a1;Tactics Awesome Shoes;2023-07-18T18:44:28;Gorgeous;Planner mission-crit;vortals;Personal Trinidad br;Garden Electronics;Berkshire hacking;a;d;C;Sharable overriding;F;2023-07-19T00:41:17;2023-07-18T16:29:12;initiatives;2023-07-19T00:51:51;eco-centric quantify Rupee;Configuration payment strategy;Rubber FTP;T;L;Security;南;2023-07-18T17:42:59;Card;台;P;TCP Electronics Lead;2023-07-19T05:46:11;B;lime Bedfordshire wo;2023-07-18T11:46:30;parsing 西路;2023-07-18T11:42:11
74d93386-ac4f-4400-b34f-818d4a6eb023;台灣省 index;2023-07-19T07:29:19;olive Identity;Bike Cambridgeshire;Supervisor payment Chair;users;withdrawal Associate;invoice Plastic;i;o;o;generate;B;2023-07-18T14:15:28;2023-07-18T16:44:16;Macedonia;2023-07-18T21:54:28;Consultant Sports;loyalty Islands;matrix Wooden;c;E;Developer;m;2023-07-18T13:48:43;Ergonomic withdrawal;A;h;Poland Practical 福建省;2023-07-19T01:31:27;m;Rial Account;2023-07-19T07:27:09;EXE;2023-07-19T00:39:14
9811f7e5-de1e-4bcc-ba42-4817868b3e41;福建省 Internal multi-byte;2023-07-18T13:40:33;Games Spain red;Clothing 路 Account;Investor Grocery Soft;Configuration;Bedfordshire Bike;Cambridgeshire;i;c;f;multi-byte;A;2023-07-19T03:08:54;2023-07-19T08:59:38;redundant Brand services;2023-07-18T23:28:03;transmitter Consultant;台灣省 Shoes;Plastic Chicken Serbian;a;i;alarm compelling viral;m;2023-07-18T18:59:09;deposit;g;i;backing;2023-07-19T06:03:28;B;port;2023-07-18T18:23:29;interactive;2023-07-18T12:22:53
72ff09b3-4f7b-4bce-88f5-90824258a353;Principal Awesome Generic;2023-07-19T06:18:29;ability;supply-chains Realig;bus Steel array;Investment protocol ;Persistent Customer;Legacy Table JBOD;c;H;P;web-enabled Soft deposit;B;2023-07-19T02:39:56;2023-07-18T17:13:53;SAS;2023-07-18T11:12:25;Berkshire;Intelligent recontextualize;robust neural;v;o;Automotive transmitting;c;2023-07-18T15:09:41;PNG overriding Communications;B;A;Sleek Jewelery;2023-07-18T16:46:29;T;Iceland;2023-07-18T16:09:52;withdrawal THX Tasty;2023-07-18T17:42:26
16b65f69-528f-496f-8436-8ce957d9a975;台灣省 bandwidth Haiti;2023-07-18T10:41:31;Borders Account Cedi;Licensed up;Account;target Facilitator;Rubber 路;quantify clicks-and-mortar user-facing;E;T;p;SSL;路;2023-07-19T08:15:05;2023-07-19T08:56:42;bandwidth;2023-07-18T23:30:44;福建省;Guinea-Bissau microchip;Fantastic Intelligent;S;I;Franc Bike;O;2023-07-19T08:51:35;multi-byte Account;q;C;Associate dynamic Product;2023-07-18T11:44:54;M;FTP;2023-07-19T01:09:55;Coordinator;2023-07-19T08:56:38
